Airport ID,Name,City,Country,IATA,ICAO,Latitude,Longitude,Altitude,Timezone,DST,Tz database time zone,Type,Source
1,"Goroka Airport","Goroka","Papua New Guinea","GKA","AYGA",-6.081689834590001,145.391998291,5282,10,"U","Pacific/Port_Moresby","airport","OurAirports"
2,"Madang Airport","Madang","Papua New Guinea","MAG","AYMD",-5.20707988739,145.789001465,20,10,"U","Pacific/Port_Moresby","airport","OurAirports"
3,"Mount Hagen Kagamuga Airport","Mount Hagen","Papua New Guinea","HGU","AYMH",-5.826789855957031,144.29600524902344,5388,10,"U","Pacific/Port_Moresby","airport","OurAirports"
4,"Nadzab Airport","Nadzab","Papua New Guinea","LAE","AYNZ",-6.569803,146.725977,239,10,"U","Pacific/Port_Moresby","airport","OurAirports"
5,"Port Moresby Jacksons International Airport","Port Moresby","Papua New Guinea","POM","AYPY",-9.443380355834961,147.22000122070312,146,10,"U","Pacific/Port_Moresby","airport","OurAirports"
6,"Wewak International Airport","Wewak","Papua New Guinea","WWK","AYWK",-3.58383011818,143.669006348,19,10,"U","Pacific/Port_Moresby","airport","OurAirports"
7,"Narsarsuaq Airport","Narssarssuaq","Greenland","UAK","BGBW",61.16049957279999,-45.4259986877,112,-3,"E","America/Godthab","airport","OurAirports"
8,"Godthaab / Nuuk Airport","Godthaab","Greenland","GOH","BGGH",64.19090271,-51.67810059,283,-3,"E","America/Godthab","airport","OurAirports"
9,"Kangerlussuaq Airport","Sondrestrom","Greenland","SFJ","BGSF",67.0122218992,-50.7116031647,165,-3,"E","America/Godthab","airport","OurAirports"
10,"Thule Air Base","Thule","Greenland","THU","BGTL",76.5311965942,-68.7032012939,251,-4,"A","America/Thule","airport","OurAirports"
11,"Indira Gandhi International Airport","Delhi","India","DEL","VIDP",28.5562,77.1000,237,5.5,"U","Asia/Kolkata","airport","OurAirports"
12,"Chhatrapati Shivaji Maharaj International Airport","Mumbai","India","BOM","VABB",19.0887,72.8679,11,5.5,"U","Asia/Kolkata","airport","OurAirports"
13,"Kempegowda International Airport","Bangalore","India","BLR","VOBL",13.1989,77.7056,915,5.5,"U","Asia/Kolkata","airport","OurAirports"
14,"Rajiv Gandhi International Airport","Hyderabad","India","HYD","VOHS",17.2313,78.4294,617,5.5,"U","Asia/Kolkata","airport","OurAirports"
15,"Chennai International Airport","Chennai","India","MAA","VOMM",13.0799,80.1697,16,5.5,"U","Asia/Kolkata","airport","OurAirports"
16,"Netaji Subhas Chandra Bose International Airport","Kolkata","India","CCU","VECC",22.6547,88.4467,5,5.5,"U","Asia/Kolkata","airport","OurAirports"
17,"Cochin International Airport","Kochi","India","COK","VOCI",10.1520,76.4019,30,5.5,"U","Asia/Kolkata","airport","OurAirports"
18,"John F. Kennedy International Airport","New York","United States","JFK","KJFK",40.6413,-73.7781,4,-5,"A","America/New_York","airport","OurAirports"
19,"Los Angeles International Airport","Los Angeles","United States","LAX","KLAX",33.9416,-118.4085,125,-8,"A","America/Los_Angeles","airport","OurAirports"
20,"O'Hare International Airport","Chicago","United States","ORD","KORD",41.9742,-87.9073,672,-6,"A","America/Chicago","airport","OurAirports"
21,"Heathrow Airport","London","United Kingdom","LHR","EGLL",51.4700,-0.4543,25,0,"E","Europe/London","airport","OurAirports"
22,"Charles de Gaulle Airport","Paris","France","CDG","LFPG",49.0097,2.5479,119,1,"E","Europe/Paris","airport","OurAirports"
23,"Frankfurt Airport","Frankfurt","Germany","FRA","EDDF",50.0379,8.5622,364,1,"E","Europe/Berlin","airport","OurAirports"
24,"Amsterdam Airport Schiphol","Amsterdam","Netherlands","AMS","EHAM",52.3105,4.7683,-11,1,"E","Europe/Amsterdam","airport","OurAirports"
25,"Dubai International Airport","Dubai","United Arab Emirates","DXB","OMDB",25.2532,55.3657,19,4,"U","Asia/Dubai","airport","OurAirports"
26,"Hong Kong International Airport","Hong Kong","China","HKG","VHHH",22.3080,113.9185,8,8,"U","Asia/Hong_Kong","airport","OurAirports"
27,"Singapore Changi Airport","Singapore","Singapore","SIN","WSSS",1.3644,103.9915,22,8,"U","Asia/Singapore","airport","OurAirports"
28,"Tokyo Haneda Airport","Tokyo","Japan","HND","RJTT",35.5494,139.7798,35,9,"U","Asia/Tokyo","airport","OurAirports"
29,"Sydney Airport","Sydney","Australia","SYD","YSSY",-33.9399,151.1753,21,10,"O","Australia/Sydney","airport","OurAirports"
30,"São Paulo/Guarulhos International Airport","São Paulo","Brazil","GRU","SBGR",-23.4356,-46.4731,2459,-3,"U","America/Sao_Paulo","airport","OurAirports"
31,"Cairo International Airport","Cairo","Egypt","CAI","HECA",30.1219,31.4056,382,2,"U","Africa/Cairo","airport","OurAirports"
32,"Istanbul Airport","Istanbul","Turkey","IST","LTFM",41.2751,28.7519,325,3,"U","Europe/Istanbul","airport","OurAirports"
33,"Moscow Sheremetyevo International Airport","Moscow","Russia","SVO","UUEE",55.9726,37.4133,622,3,"U","Europe/Moscow","airport","OurAirports"
34,"Seoul Incheon International Airport","Seoul","South Korea","ICN","RKSI",37.4602,126.4407,23,9,"U","Asia/Seoul","airport","OurAirports"
35,"Beijing Capital International Airport","Beijing","China","PEK","ZBAA",40.0799,116.6031,35,8,"U","Asia/Shanghai","airport","OurAirports"
36,"Shanghai Pudong International Airport","Shanghai","China","PVG","ZSPD",31.1443,121.8083,13,8,"U","Asia/Shanghai","airport","OurAirports"
37,"Toronto Pearson International Airport","Toronto","Canada","YYZ","CYYZ",43.6777,-79.6248,569,-5,"A","America/Toronto","airport","OurAirports"
38,"Mexico City International Airport","Mexico City","Mexico","MEX","MMMX",19.4363,-99.0721,2236,-6,"S","America/Mexico_City","airport","OurAirports"
39,"Johannesburg O.R. Tambo International Airport","Johannesburg","South Africa","JNB","FAOR",-26.1392,28.2460,5554,2,"U","Africa/Johannesburg","airport","OurAirports"
40,"Bangkok Suvarnabhumi Airport","Bangkok","Thailand","BKK","VTBS",13.6900,100.7501,5,7,"U","Asia/Bangkok","airport","OurAirports"
41,"Kuala Lumpur International Airport","Kuala Lumpur","Malaysia","KUL","WMKK",2.7456,101.7072,69,8,"U","Asia/Kuala_Lumpur","airport","OurAirports"
42,"Jakarta Soekarno-Hatta International Airport","Jakarta","Indonesia","CGK","WIII",-6.1256,106.6558,34,7,"U","Asia/Jakarta","airport","OurAirports"
43,"Auckland Airport","Auckland","New Zealand","AKL","NZAA",-37.0082,174.7850,23,12,"U","Pacific/Auckland","airport","OurAirports"
44,"Vancouver International Airport","Vancouver","Canada","YVR","CYVR",49.1967,-123.1815,14,-8,"A","America/Vancouver","airport","OurAirports"
45,"San Francisco International Airport","San Francisco","United States","SFO","KSFO",37.6213,-122.3790,13,-8,"A","America/Los_Angeles","airport","OurAirports"
46,"Dallas/Fort Worth International Airport","Dallas","United States","DFW","KDFW",32.8998,-97.0403,607,-6,"A","America/Chicago","airport","OurAirports"
47,"Denver International Airport","Denver","United States","DEN","KDEN",39.8561,-104.6737,5431,-7,"A","America/Denver","airport","OurAirports"
48,"Seattle-Tacoma International Airport","Seattle","United States","SEA","KSEA",47.4502,-122.3088,433,-8,"A","America/Los_Angeles","airport","OurAirports"
49,"Madrid Barajas Airport","Madrid","Spain","MAD","LEMD",40.4983,-3.5676,1998,1,"E","Europe/Madrid","airport","OurAirports"
50,"Rome Fiumicino Airport","Rome","Italy","FCO","LIRF",41.8045,12.2508,15,1,"E","Europe/Rome","airport","OurAirports"
51,"Athens International Airport","Athens","Greece","ATH","LGAV",37.9364,23.9445,308,2,"E","Europe/Athens","airport","OurAirports"
52,"Vienna International Airport","Vienna","Austria","VIE","LOWW",48.1103,16.5697,600,1,"E","Europe/Vienna","airport","OurAirports"
53,"Zürich Airport","Zurich","Switzerland","ZRH","LSZH",47.4647,8.5492,1416,1,"E","Europe/Zurich","airport","OurAirports"
54,"Oslo Airport","Oslo","Norway","OSL","ENGM",60.1975,11.1004,681,1,"E","Europe/Oslo","airport","OurAirports"
55,"Stockholm Arlanda Airport","Stockholm","Sweden","ARN","ESSA",59.6498,17.9238,137,1,"E","Europe/Stockholm","airport","OurAirports"
56,"Copenhagen Airport","Copenhagen","Denmark","CPH","EKCH",55.6180,12.6508,17,1,"E","Europe/Copenhagen","airport","OurAirports"
57,"Helsinki Airport","Helsinki","Finland","HEL","EFHK",60.3172,24.9633,179,2,"E","Europe/Helsinki","airport","OurAirports"
58,"Warsaw Chopin Airport","Warsaw","Poland","WAW","EPWA",52.1657,20.9671,362,1,"E","Europe/Warsaw","airport","OurAirports"
59,"Prague Václav Havel Airport","Prague","Czech Republic","PRG","LKPR",50.1008,14.2600,1247,1,"E","Europe/Prague","airport","OurAirports"
60,"Budapest Ferenc Liszt International Airport","Budapest","Hungary","BUD","LHBP",47.4369,19.2556,495,1,"E","Europe/Budapest","airport","OurAirports"
61,"Lisbon Portela Airport","Lisbon","Portugal","LIS","LPPT",38.7742,-9.1342,374,0,"E","Europe/Lisbon","airport","OurAirports"
62,"Dublin Airport","Dublin","Ireland","DUB","EIDW",53.4213,-6.2701,242,0,"E","Europe/Dublin","airport","OurAirports"
63,"Brussels Airport","Brussels","Belgium","BRU","EBBR",50.9014,4.4844,184,1,"E","Europe/Brussels","airport","OurAirports"
64,"Geneva Airport","Geneva","Switzerland","GVA","LSGG",46.2381,6.1089,1411,1,"E","Europe/Zurich","airport","OurAirports"
65,"Manchester Airport","Manchester","United Kingdom","MAN","EGCC",53.3629,-2.2734,257,0,"E","Europe/London","airport","OurAirports"
66,"Birmingham Airport","Birmingham","United Kingdom","BHX","EGBB",52.4539,-1.7480,327,0,"E","Europe/London","airport","OurAirports"
67,"Glasgow Airport","Glasgow","United Kingdom","GLA","EGPF",55.8719,-4.4331,26,0,"E","Europe/London","airport","OurAirports"
68,"Edinburgh Airport","Edinburgh","United Kingdom","EDI","EGPH",55.9500,-3.3725,136,0,"E","Europe/London","airport","OurAirports"
69,"Bristol Airport","Bristol","United Kingdom","BRS","EGGD",51.3827,-2.7191,622,0,"E","Europe/London","airport","OurAirports"
70,"Newcastle Airport","Newcastle","United Kingdom","NCL","EGNT",55.0375,-1.6917,266,0,"E","Europe/London","airport","OurAirports"
71,"Liverpool John Lennon Airport","Liverpool","United Kingdom","LPL","EGGP",53.3336,-2.8497,80,0,"E","Europe/London","airport","OurAirports"
72,"Leeds Bradford Airport","Leeds","United Kingdom","LBA","EGNM",53.8659,-1.6606,681,0,"E","Europe/London","airport","OurAirports"
73,"Cardiff Airport","Cardiff","United Kingdom","CWL","EGFF",51.3967,-3.3433,220,0,"E","Europe/London","airport","OurAirports"
74,"Belfast International Airport","Belfast","United Kingdom","BFS","EGAA",54.6575,-6.2158,268,0,"E","Europe/London","airport","OurAirports"
75,"Aberdeen Airport","Aberdeen","United Kingdom","ABZ","EGPD",57.2019,-2.1978,215,0,"E","Europe/London","airport","OurAirports"
76,"Inverness Airport","Inverness","United Kingdom","INV","EGPE",57.5425,-4.0475,31,0,"E","Europe/London","airport","OurAirports"
77,"Isle of Man Airport","Isle of Man","Isle of Man","IOM","EGNS",54.0833,-4.6239,52,0,"E","Europe/Isle_of_Man","airport","OurAirports"
78,"Jersey Airport","Jersey","Jersey","JER","EGJJ",49.2079,-2.1955,277,0,"E","Europe/Jersey","airport","OurAirports"
79,"Guernsey Airport","Guernsey","Guernsey","GCI","EGJB",49.4350,-2.6020,336,0,"E","Europe/Guernsey","airport","OurAirports"
80,"Gibraltar Airport","Gibraltar","Gibraltar","GIB","LXGB",36.1512,-5.3497,15,1,"E","Europe/Gibraltar","airport","OurAirports"
81,"Malta International Airport","Malta","Malta","MLA","LMML",35.8575,14.4775,300,1,"E","Europe/Malta","airport","OurAirports"
82,"Larnaca International Airport","Larnaca","Cyprus","LCA","LCLK",34.8751,33.6249,8,2,"E","Asia/Nicosia","airport","OurAirports"
83,"Paphos International Airport","Paphos","Cyprus","PFO","LCPH",34.7180,32.4857,41,2,"E","Asia/Nicosia","airport","OurAirports"
84,"Reykjavík-Keflavík Airport","Reykjavik","Iceland","KEF","BIKF",63.9850,-22.6056,171,0,"N","Atlantic/Reykjavik","airport","OurAirports"
85,"Tromsø Airport","Tromso","Norway","TOS","ENTC",69.6833,18.9189,31,1,"E","Europe/Oslo","airport","OurAirports"
86,"Bergen Airport","Bergen","Norway","BGO","ENBR",60.2934,5.2181,170,1,"E","Europe/Oslo","airport","OurAirports"
87,"Trondheim Airport","Trondheim","Norway","TRD","ENVA",63.4576,10.9242,56,1,"E","Europe/Oslo","airport","OurAirports"
88,"Stavanger Airport","Stavanger","Norway","SVG","ENZV",58.8767,5.6378,29,1,"E","Europe/Oslo","airport","OurAirports"
89,"Ålesund Airport","Alesund","Norway","AES","ENAL",62.5604,6.1102,70,1,"E","Europe/Oslo","airport","OurAirports"
90,"Bodø Airport","Bodo","Norway","BOO","ENBO",67.2692,14.3653,42,1,"E","Europe/Oslo","airport","OurAirports"
91,"Kristiansand Airport","Kristiansand","Norway","KRS","ENCN",58.2042,8.0854,57,1,"E","Europe/Oslo","airport","OurAirports"
92,"Molde Airport","Molde","Norway","MOL","ENML",62.7447,7.2625,10,1,"E","Europe/Oslo","airport","OurAirports"
93,"Tromsø Airport","Tromso","Norway","TOS","ENTC",69.6833,18.9189,31,1,"E","Europe/Oslo","airport","OurAirports"
94,"Alta Airport","Alta","Norway","ALF","ENAT",69.9761,23.3717,9,1,"E","Europe/Oslo","airport","OurAirports"
95,"Kirkenes Airport","Kirkenes","Norway","KKN","ENKR",69.7258,29.8913,283,1,"E","Europe/Oslo","airport","OurAirports"
96,"Vadsø Airport","Vadso","Norway","VDS","ENVD",70.0653,29.8447,127,1,"E","Europe/Oslo","airport","OurAirports"
97,"Vardø Airport","Vardo","Norway","VAW","ENSS",70.3554,31.0449,42,1,"E","Europe/Oslo","airport","OurAirports"
98,"Mehamn Airport","Mehamn","Norway","MEH","ENMH",71.0297,27.8267,39,1,"E","Europe/Oslo","airport","OurAirports"
99,"Båtsfjord Airport","Batsfjord","Norway","BJF","ENBS",70.6003,29.6925,490,1,"E","Europe/Oslo","airport","OurAirports"
100,"Berlevåg Airport","Berlevag","Norway","BVG","ENBV",70.8714,29.0342,42,1,"E","Europe/Oslo","airport","OurAirports"
101,"Honningsvåg Airport","Honningsvag","Norway","HVG","ENHV",71.0097,25.9836,13,1,"E","Europe/Oslo","airport","OurAirports"
102,"Lakselv Airport","Lakselv","Norway","LKL","ENNA",70.0689,24.9736,25,1,"E","Europe/Oslo","airport","OurAirports"
103,"Sørkjosen Airport","Sorkjosen","Norway","SOJ","ENSR",69.7867,20.9594,16,1,"E","Europe/Oslo","airport","OurAirports"
104,"Hasvik Airport","Hasvik","Norway","HAA","ENHK",70.4867,22.1397,21,1,"E","Europe/Oslo","airport","OurAirports"
105,"Hammerfest Airport","Hammerfest","Norway","HFT","ENHF",70.6797,23.6686,266,1,"E","Europe/Oslo","airport","OurAirports"
106,"Vardø Airport","Vardo","Norway","VAW","ENSS",70.3554,31.0449,42,1,"E","Europe/Oslo","airport","OurAirports"
107,"Mehamn Airport","Mehamn","Norway","MEH","ENMH",71.0297,27.8267,39,1,"E","Europe/Oslo","airport","OurAirports"
108,"Båtsfjord Airport","Batsfjord","Norway","BJF","ENBS",70.6003,29.6925,490,1,"E","Europe/Oslo","airport","OurAirports"
109,"Berlevåg Airport","Berlevag","Norway","BVG","ENBV",70.8714,29.0342,42,1,"E","Europe/Oslo","airport","OurAirports"
110,"Honningsvåg Airport","Honningsvag","Norway","HVG","ENHV",71.0097,25.9836,13,1,"E","Europe/Oslo","airport","OurAirports"
111,"Lakselv Airport","Lakselv","Norway","LKL","ENNA",70.0689,24.9736,25,1,"E","Europe/Oslo","airport","OurAirports"
112,"Sørkjosen Airport","Sorkjosen","Norway","SOJ","ENSR",69.7867,20.9594,16,1,"E","Europe/Oslo","airport","OurAirports"
113,"Hasvik Airport","Hasvik","Norway","HAA","ENHK",70.4867,22.1397,21,1,"E","Europe/Oslo","airport","OurAirports"
114,"Hammerfest Airport","Hammerfest","Norway","HFT","ENHF",70.6797,23.6686,266,1,"E","Europe/Oslo","airport","OurAirports"
115,"Vardø Airport","Vardo","Norway","VAW","ENSS",70.3554,31.0449,42,1,"E","Europe/Oslo","airport","OurAirports"
116,"Mehamn Airport","Mehamn","Norway","MEH","ENMH",71.0297,27.8267,39,1,"E","Europe/Oslo","airport","OurAirports"
117,"Båtsfjord Airport","Batsfjord","Norway","BJF","ENBS",70.6003,29.6925,490,1,"E","Europe/Oslo","airport","OurAirports"
118,"Berlevåg Airport","Berlevag","Norway","BVG","ENBV",70.8714,29.0342,42,1,"E","Europe/Oslo","airport","OurAirports"
119,"Honningsvåg Airport","Honningsvag","Norway","HVG","ENHV",71.0097,25.9836,13,1,"E","Europe/Oslo","airport","OurAirports"
120,"Lakselv Airport","Lakselv","Norway","LKL","ENNA",70.0689,24.9736,25,1,"E","Europe/Oslo","airport","OurAirports"
121,"Sørkjosen Airport","Sorkjosen","Norway","SOJ","ENSR",69.7867,20.9594,16,1,"E","Europe/Oslo","airport","OurAirports"
122,"Hasvik Airport","Hasvik","Norway","HAA","ENHK",70.4867,22.1397,21,1,"E","Europe/Oslo","airport","OurAirports"
123,"Hammerfest Airport","Hammerfest","Norway","HFT","ENHF",70.6797,23.6686,266,1,"E","Europe/Oslo","airport","OurAirports"
124,"Vardø Airport","Vardo","Norway","VAW","ENSS",70.3554,31.0449,42,1,"E","Europe/Oslo","airport","OurAirports"
125,"Mehamn Airport","Mehamn","Norway","MEH","ENMH",71.0297,27.8267,39,1,"E","Europe/Oslo","airport","OurAirports"
126,"Båtsfjord Airport","Batsfjord","Norway","BJF","ENBS",70.6003,29.6925,490,1,"E","Europe/Oslo","airport","OurAirports"
127,"Berlevåg Airport","Berlevag","Norway","BVG","ENBV",70.8714,29.0342,42,1,"E","Europe/Oslo","airport","OurAirports"
128,"Honningsvåg Airport","Honningsvag","Norway","HVG","ENHV",71.0097,25.9836,13,1,"E","Europe/Oslo","airport","OurAirports"
129,"Lakselv Airport","Lakselv","Norway","LKL","ENNA",70.0689,24.9736,25,1,"E","Europe/Oslo","airport","OurAirports"
130,"Sørkjosen Airport","Sorkjosen","Norway","SOJ","ENSR",69.7867,20.9594,16,1,"E","Europe/Oslo","airport","OurAirports"
131,"Hasvik Airport","Hasvik","Norway","HAA","ENHK",70.4867,22.1397,21,1,"E","Europe/Oslo","airport","OurAirports"
132,"Hammerfest Airport","Hammerfest","Norway","HFT","ENHF",70.6797,23.6686,266,1,"E","Europe/Oslo","airport","OurAirports"
133,"Vardø Airport","Vardo","Norway","VAW","ENSS",70.3554,31.0449,42,1,"E","Europe/Oslo","airport","OurAirports"
134,"Mehamn Airport","Mehamn","Norway","MEH","ENMH",71.0297,27.8267,39,1,"E","Europe/Oslo","airport","OurAirports"
135,"Båtsfjord Airport","Batsfjord","Norway","BJF","ENBS",70.6003,29.6925,490,1,"E","Europe/Oslo","airport","OurAirports"
136,"Berlevåg Airport","Berlevag","Norway","BVG","ENBV",70.8714,29.0342,42,1,"E","Europe/Oslo","airport","OurAirports"
137,"Honningsvåg Airport","Honningsvag","Norway","HVG","ENHV",71.0097,25.9836,13,1,"E","Europe/Oslo","airport","OurAirports"
138,"Lakselv Airport","Lakselv","Norway","LKL","ENNA",70.0689,24.9736,25,1,"E","Europe/Oslo","airport","OurAirports"
139,"Sørkjosen Airport","Sorkjosen","Norway","SOJ","ENSR",69.7867,20.9594,16,1,"E","Europe/Oslo","airport","OurAirports"
140,"Hasvik Airport","Hasvik","Norway","HAA","ENHK",70.4867,22.1397,21,1,"E","Europe/Oslo","airport","OurAirports"
141,"Hammerfest Airport","Hammerfest","Norway","HFT","ENHF",70.6797,23.6686,266,1,"E","Europe/Oslo","airport","OurAirports"
142,"Vardø Airport","Vardo","Norway","VAW","ENSS",70.3554,31.0449,42,1,"E","Europe/Oslo","airport","OurAirports"
143,"Mehamn Airport","Mehamn","Norway","MEH","ENMH",71.0297,27.8267,39,1,"E","Europe/Oslo","airport","OurAirports"
144,"Båtsfjord Airport","Batsfjord","Norway","BJF","ENBS",70.6003,29.6925,490,1,"E","Europe/Oslo","airport","OurAirports"
145,"Berlevåg Airport","Berlevag","Norway","BVG","ENBV",70.8714,29.0342,42,1,"E","Europe/Oslo","airport","OurAirports"
146,"Honningsvåg Airport","Honningsvag","Norway","HVG","ENHV",71.0097,25.9836,13,1,"E","Europe/Oslo","airport","OurAirports"
147,"Lakselv Airport","Lakselv","Norway","LKL","ENNA",70.0689,24.9736,25,1,"E","Europe/Oslo","airport","OurAirports"
148,"Sørkjosen Airport","Sorkjosen","Norway","SOJ","ENSR",69.7867,20.9594,16,1,"E","Europe/Oslo","airport","OurAirports"
149,"Hasvik Airport","Hasvik","Norway","HAA","ENHK",70.4867,22.1397,21,1,"E","Europe/Oslo","airport","OurAirports"
150,"Hammerfest Airport","Hammerfest","Norway","HFT","ENHF",70.6797,23.6686,266,1,"E","Europe/Oslo","airport","OurAirports"
151,"Vardø Airport","Vardo","Norway","VAW","ENSS",70.3554,31.0449,42,1,"E","Europe/Oslo","airport","OurAirports"
152,"Narita International Airport","Tokyo","Japan","NRT","RJAA",35.7720,140.3929,141,9,"U","Asia/Tokyo","airport","OurAirports"
153,"Kansai International Airport","Osaka","Japan","KIX","RJBB",34.4342,135.2442,15,9,"U","Asia/Tokyo","airport","OurAirports"
154,"Chubu Centrair International Airport","Nagoya","Japan","NGO","RJGG",34.8584,136.8054,15,9,"U","Asia/Tokyo","airport","OurAirports"
155,"Fukuoka Airport","Fukuoka","Japan","FUK","RJFF",33.5859,130.4507,30,9,"U","Asia/Tokyo","airport","OurAirports"
156,"Sapporo New Chitose Airport","Sapporo","Japan","CTS","RJCC",42.7752,141.6923,82,9,"U","Asia/Tokyo","airport","OurAirports"
157,"Sendai Airport","Sendai","Japan","SDJ","RJSS",38.1397,140.9169,5,9,"U","Asia/Tokyo","airport","OurAirports"
158,"Hiroshima Airport","Hiroshima","Japan","HIJ","RJOA",34.4361,132.9194,1088,9,"U","Asia/Tokyo","airport","OurAirports"
159,"Kagoshima Airport","Kagoshima","Japan","KOJ","RJFK",31.8034,130.7194,906,9,"U","Asia/Tokyo","airport","OurAirports"
160,"Naha Airport","Okinawa","Japan","OKA","ROAH",26.1958,127.6459,12,9,"U","Asia/Tokyo","airport","OurAirports"
161,"Incheon International Airport","Seoul","South Korea","ICN","RKSI",37.4602,126.4407,23,9,"U","Asia/Seoul","airport","OurAirports"
162,"Gimpo International Airport","Seoul","South Korea","GMP","RKSS",37.5583,126.7905,58,9,"U","Asia/Seoul","airport","OurAirports"
163,"Jeju International Airport","Jeju","South Korea","CJU","RKPC",33.5113,126.4930,118,9,"U","Asia/Seoul","airport","OurAirports"
164,"Busan Gimhae International Airport","Busan","South Korea","PUS","RKPK",35.1795,128.9382,6,9,"U","Asia/Seoul","airport","OurAirports"
165,"Daegu International Airport","Daegu","South Korea","TAE","RKTN",35.8941,128.6586,116,9,"U","Asia/Seoul","airport","OurAirports"
166,"Guangzhou Baiyun International Airport","Guangzhou","China","CAN","ZGGG",23.3924,113.2988,50,8,"U","Asia/Shanghai","airport","OurAirports"
167,"Shenzhen Bao'an International Airport","Shenzhen","China","SZX","ZGSZ",22.6393,113.8106,13,8,"U","Asia/Shanghai","airport","OurAirports"
168,"Chengdu Shuangliu International Airport","Chengdu","China","CTU","ZUUU",30.5785,103.9471,1624,8,"U","Asia/Shanghai","airport","OurAirports"
169,"Kunming Changshui International Airport","Kunming","China","KMG","ZPPP",24.9924,102.7435,2102,8,"U","Asia/Shanghai","airport","OurAirports"
170,"Hangzhou Xiaoshan International Airport","Hangzhou","China","HGH","ZSHC",30.2295,120.4344,23,8,"U","Asia/Shanghai","airport","OurAirports"
171,"Nanjing Lukou International Airport","Nanjing","China","NKG","ZSNJ",31.7420,118.8620,49,8,"U","Asia/Shanghai","airport","OurAirports"
172,"Wuhan Tianhe International Airport","Wuhan","China","WUH","ZHHH",30.7838,114.2081,113,8,"U","Asia/Shanghai","airport","OurAirports"
173,"Xi'an Xianyang International Airport","Xi'an","China","SIA","ZLXY",34.4471,108.7516,1572,8,"U","Asia/Shanghai","airport","OurAirports"
174,"Chongqing Jiangbei International Airport","Chongqing","China","CKG","ZUCK",29.7192,106.6417,1365,8,"U","Asia/Shanghai","airport","OurAirports"
175,"Tianjin Binhai International Airport","Tianjin","China","TSN","ZBTJ",39.1244,117.3463,10,8,"U","Asia/Shanghai","airport","OurAirports"
176,"Xiamen Gaoqi International Airport","Xiamen","China","XMN","ZSAM",24.5440,118.1277,59,8,"U","Asia/Shanghai","airport","OurAirports"
177,"Haikou Meilan International Airport","Haikou","China","HAK","ZJHK",19.9344,110.4589,75,8,"U","Asia/Shanghai","airport","OurAirports"
178,"Sanya Phoenix International Airport","Sanya","China","SYX","ZJSY",18.3029,109.4122,92,8,"U","Asia/Shanghai","airport","OurAirports"
179,"Urumqi Diwopu International Airport","Urumqi","China","URC","ZWWW",43.9071,87.4742,2125,8,"U","Asia/Shanghai","airport","OurAirports"
180,"Lhasa Gonggar Airport","Lhasa","China","LXA","ZULS",29.2978,90.9119,11700,8,"U","Asia/Shanghai","airport","OurAirports"
181,"Taiwan Taoyuan International Airport","Taipei","Taiwan","TPE","RCTP",25.0777,121.2328,106,8,"U","Asia/Taipei","airport","OurAirports"
182,"Kaohsiung International Airport","Kaohsiung","Taiwan","KHH","RCKH",22.5771,120.3500,31,8,"U","Asia/Taipei","airport","OurAirports"
183,"Taichung International Airport","Taichung","Taiwan","RMQ","RCMQ",24.2647,120.6208,663,8,"U","Asia/Taipei","airport","OurAirports"
184,"Tainan Airport","Tainan","Taiwan","TNN","RCNN",22.9504,120.2058,63,8,"U","Asia/Taipei","airport","OurAirports"
185,"Macau International Airport","Macau","Macau","MFM","VMMC",22.1496,113.5915,20,8,"U","Asia/Macau","airport","OurAirports"
186,"Phuket International Airport","Phuket","Thailand","HKT","VTSP",8.1132,98.3169,82,7,"U","Asia/Bangkok","airport","OurAirports"
187,"Chiang Mai International Airport","Chiang Mai","Thailand","CNX","VTCC",18.7668,98.9626,1036,7,"U","Asia/Bangkok","airport","OurAirports"
188,"Hat Yai International Airport","Hat Yai","Thailand","HDY","VTSS",6.9332,100.3929,90,7,"U","Asia/Bangkok","airport","OurAirports"
189,"U-Tapao International Airport","Rayong","Thailand","UTP","VTBU",12.6799,101.0050,42,7,"U","Asia/Bangkok","airport","OurAirports"
190,"Krabi International Airport","Krabi","Thailand","KBV","VTSG",8.0991,98.9862,82,7,"U","Asia/Bangkok","airport","OurAirports"
191,"Suvarnabhumi Airport","Bangkok","Thailand","BKK","VTBS",13.6900,100.7501,5,7,"U","Asia/Bangkok","airport","OurAirports"
192,"Don Mueang International Airport","Bangkok","Thailand","DMK","VTBD",13.9126,100.6068,9,7,"U","Asia/Bangkok","airport","OurAirports"
193,"Penang International Airport","Penang","Malaysia","PEN","WMKP",5.2971,100.2769,11,8,"U","Asia/Kuala_Lumpur","airport","OurAirports"
194,"Langkawi International Airport","Langkawi","Malaysia","LGK","WMKL",6.3297,99.7287,29,8,"U","Asia/Kuala_Lumpur","airport","OurAirports"
195,"Kota Kinabalu International Airport","Kota Kinabalu","Malaysia","BKI","WBKK",5.9372,116.0510,10,8,"U","Asia/Kuching","airport","OurAirports"
196,"Kuching International Airport","Kuching","Malaysia","KCH","WBGG",1.4847,110.3469,89,8,"U","Asia/Kuching","airport","OurAirports"
197,"Miri Airport","Miri","Malaysia","MYY","WBGR",4.3220,113.9868,59,8,"U","Asia/Kuching","airport","OurAirports"
198,"Sibu Airport","Sibu","Malaysia","SBW","WBGS",2.2616,111.9853,122,8,"U","Asia/Kuching","airport","OurAirports"
199,"Bintulu Airport","Bintulu","Malaysia","BTU","WBGB",3.1239,113.0204,74,8,"U","Asia/Kuching","airport","OurAirports"
200,"Limbang Airport","Limbang","Malaysia","LMN","WBGJ",4.8083,115.0104,14,8,"U","Asia/Kuching","airport","OurAirports"
201,"Singapore Changi Airport","Singapore","Singapore","SIN","WSSS",1.3644,103.9915,22,8,"U","Asia/Singapore","airport","OurAirports"
202,"Soekarno-Hatta International Airport","Jakarta","Indonesia","CGK","WIII",-6.1256,106.6558,34,7,"U","Asia/Jakarta","airport","OurAirports"
203,"Ngurah Rai International Airport","Denpasar","Indonesia","DPS","WADD",-8.7482,115.1672,14,8,"U","Asia/Makassar","airport","OurAirports"
204,"Juanda International Airport","Surabaya","Indonesia","SUB","WARR",-7.3798,112.7869,9,7,"U","Asia/Jakarta","airport","OurAirports"
205,"Kuala Lumpur International Airport","Kuala Lumpur","Malaysia","KUL","WMKK",2.7456,101.7072,69,8,"U","Asia/Kuala_Lumpur","airport","OurAirports"
206,"Ninoy Aquino International Airport","Manila","Philippines","MNL","RPLL",14.5086,121.0196,75,8,"U","Asia/Manila","airport","OurAirports"
207,"Mactan-Cebu International Airport","Cebu","Philippines","CEB","RPVM",10.3075,123.9794,31,8,"U","Asia/Manila","airport","OurAirports"
208,"Sydney Airport","Sydney","Australia","SYD","YSSY",-33.9399,151.1753,21,10,"U","Australia/Sydney","airport","OurAirports"
209,"Melbourne Airport","Melbourne","Australia","MEL","YMML",-37.6690,144.8410,434,10,"U","Australia/Melbourne","airport","OurAirports"
210,"Brisbane Airport","Brisbane","Australia","BNE","YBBN",-27.3842,153.1175,13,10,"U","Australia/Brisbane","airport","OurAirports"
211,"Perth Airport","Perth","Australia","PER","YPPH",-31.9403,115.9669,67,8,"U","Australia/Perth","airport","OurAirports"
212,"Adelaide Airport","Adelaide","Australia","ADL","YPAD",-34.9455,138.5306,20,9.5,"U","Australia/Adelaide","airport","OurAirports"
213,"Gold Coast Airport","Gold Coast","Australia","OOL","YBCG",-28.1644,153.5047,21,10,"U","Australia/Brisbane","airport","OurAirports"
214,"Cairns Airport","Cairns","Australia","CNS","YBCS",-16.8858,145.7553,10,10,"U","Australia/Brisbane","airport","OurAirports"
215,"Darwin International Airport","Darwin","Australia","DRW","YPDN",-12.4083,130.8726,103,9.5,"U","Australia/Darwin","airport","OurAirports"
216,"Hobart International Airport","Hobart","Australia","HBA","YMHB",-42.8361,147.5103,13,10,"U","Australia/Hobart","airport","OurAirports"
217,"Auckland Airport","Auckland","New Zealand","AKL","NZAA",-37.0082,174.7850,23,12,"U","Pacific/Auckland","airport","OurAirports"
218,"Wellington International Airport","Wellington","New Zealand","WLG","NZWN",-41.3272,174.8053,41,12,"U","Pacific/Auckland","airport","OurAirports"
219,"Christchurch International Airport","Christchurch","New Zealand","CHC","NZCH",-43.4894,172.5322,123,12,"U","Pacific/Auckland","airport","OurAirports"
220,"Queenstown Airport","Queenstown","New Zealand","ZQN","NZQN",-45.0211,168.7392,1171,12,"U","Pacific/Auckland","airport","OurAirports"
221,"Dunedin Airport","Dunedin","New Zealand","DUD","NZDN",-45.9281,170.1983,4,12,"U","Pacific/Auckland","airport","OurAirports"
222,"Rotorua Regional Airport","Rotorua","New Zealand","ROT","NZRO",-38.1092,176.3172,935,12,"U","Pacific/Auckland","airport","OurAirports"
223,"Tauranga Airport","Tauranga","New Zealand","TRG","NZTG",-37.6719,176.1961,13,12,"U","Pacific/Auckland","airport","OurAirports"
224,"Palmerston North Airport","Palmerston North","New Zealand","PMR","NZPM",-40.3206,175.6169,151,12,"U","Pacific/Auckland","airport","OurAirports"
225,"Hamilton International Airport","Hamilton","New Zealand","HLZ","NZHN",-37.8667,175.3320,172,12,"U","Pacific/Auckland","airport","OurAirports"
226,"Napier Airport","Napier","New Zealand","NPE","NZNR",-39.4658,176.8700,7,12,"U","Pacific/Auckland","airport","OurAirports"
227,"New Plymouth Airport","New Plymouth","New Zealand","NPL","NZNP",-39.0086,174.1792,97,12,"U","Pacific/Auckland","airport","OurAirports"
228,"Whangarei Airport","Whangarei","New Zealand","WRE","NZWR",-35.7683,174.3650,133,12,"U","Pacific/Auckland","airport","OurAirports"
229,"Gisborne Airport","Gisborne","New Zealand","GIS","NZGS",-38.6633,177.9783,15,12,"U","Pacific/Auckland","airport","OurAirports"
230,"Nelson Airport","Nelson","New Zealand","NSN","NZNS",-41.2983,173.2211,17,12,"U","Pacific/Auckland","airport","OurAirports"
231,"Invercargill Airport","Invercargill","New Zealand","IVC","NZNV",-46.4124,168.3130,5,12,"U","Pacific/Auckland","airport","OurAirports"
232,"Kerikeri Airport","Kerikeri","New Zealand","KKE","NZKK",-35.2628,173.9119,492,12,"U","Pacific/Auckland","airport","OurAirports"
233,"Whakatane Airport","Whakatane","New Zealand","WHK","NZWK",-37.9206,176.9142,20,12,"U","Pacific/Auckland","airport","OurAirports"
234,"Taupo Airport","Taupo","New Zealand","TUO","NZAP",-38.7397,176.0844,1335,12,"U","Pacific/Auckland","airport","OurAirports"
235,"Wanaka Airport","Wanaka","New Zealand","WKA","NZWF",-44.7222,169.2456,1142,12,"U","Pacific/Auckland","airport","OurAirports"
236,"Timaru Airport","Timaru","New Zealand","TIU","NZTU",-44.3028,171.2253,89,12,"U","Pacific/Auckland","airport","OurAirports"
237,"Westport Airport","Westport","New Zealand","WSZ","NZWS",-41.7381,171.5808,13,12,"U","Pacific/Auckland","airport","OurAirports"
238,"Hokitika Airport","Hokitika","New Zealand","HKK","NZHK",-42.7136,170.9853,146,12,"U","Pacific/Auckland","airport","OurAirports"
239,"Greymouth Airport","Greymouth","New Zealand","GMN","NZGM",-42.4617,171.1908,8,12,"U","Pacific/Auckland","airport","OurAirports"
240,"Blenheim Airport","Blenheim","New Zealand","BHE","NZWB",-41.5183,173.8703,109,12,"U","Pacific/Auckland","airport","OurAirports"
241,"Paraparaumu Airport","Paraparaumu","New Zealand","PPQ","NZPP",-40.9047,174.9892,22,12,"U","Pacific/Auckland","airport","OurAirports"
242,"Hawke's Bay Airport","Napier","New Zealand","NPE","NZNR",-39.4658,176.8700,7,12,"U","Pacific/Auckland","airport","OurAirports"
243,"Tauranga Airport","Tauranga","New Zealand","TRG","NZTG",-37.6719,176.1961,13,12,"U","Pacific/Auckland","airport","OurAirports"
244,"Whangarei Airport","Whangarei","New Zealand","WRE","NZWR",-35.7683,174.3650,133,12,"U","Pacific/Auckland","airport","OurAirports"
245,"Gisborne Airport","Gisborne","New Zealand","GIS","NZGS",-38.6633,177.9783,15,12,"U","Pacific/Auckland","airport","OurAirports"
246,"Nelson Airport","Nelson","New Zealand","NSN","NZNS",-41.2983,173.2211,17,12,"U","Pacific/Auckland","airport","OurAirports"
247,"Invercargill Airport","Invercargill","New Zealand","IVC","NZNV",-46.4124,168.3130,5,12,"U","Pacific/Auckland","airport","OurAirports"
248,"Kerikeri Airport","Kerikeri","New Zealand","KKE","NZKK",-35.2628,173.9119,492,12,"U","Pacific/Auckland","airport","OurAirports"
249,"Whakatane Airport","Whakatane","New Zealand","WHK","NZWK",-37.9206,176.9142,20,12,"U","Pacific/Auckland","airport","OurAirports"
250,"Taupo Airport","Taupo","New Zealand","TUO","NZAP",-38.7397,176.0844,1335,12,"U","Pacific/Auckland","airport","OurAirports"
251,"Cairo International Airport","Cairo","Egypt","CAI","HECA",30.1219,31.4056,382,2,"U","Africa/Cairo","airport","OurAirports"
252,"Hurghada International Airport","Hurghada","Egypt","HRG","HEGN",27.1783,33.7994,52,2,"U","Africa/Cairo","airport","OurAirports"
253,"Sharm El Sheikh International Airport","Sharm El Sheikh","Egypt","SSH","HESH",27.9772,34.3950,143,2,"U","Africa/Cairo","airport","OurAirports"
254,"Luxor International Airport","Luxor","Egypt","LXR","HELX",25.6710,32.7066,294,2,"U","Africa/Cairo","airport","OurAirports"
255,"Aswan International Airport","Aswan","Egypt","ASW","HESN",23.9644,32.8200,662,2,"U","Africa/Cairo","airport","OurAirports"
256,"Cape Town International Airport","Cape Town","South Africa","CPT","FACT",-33.9648,18.6017,151,2,"U","Africa/Johannesburg","airport","OurAirports"
257,"O.R. Tambo International Airport","Johannesburg","South Africa","JNB","FAOR",-26.1392,28.2460,5558,2,"U","Africa/Johannesburg","airport","OurAirports"
258,"King Shaka International Airport","Durban","South Africa","DUR","FALE",-29.6144,31.1197,295,2,"U","Africa/Johannesburg","airport","OurAirports"
259,"Port Elizabeth International Airport","Port Elizabeth","South Africa","PLZ","FAPE",-33.9849,25.6173,226,2,"U","Africa/Johannesburg","airport","OurAirports"
260,"East London Airport","East London","South Africa","ELS","FAEL",-33.0356,27.8259,435,2,"U","Africa/Johannesburg","airport","OurAirports"
261,"George Airport","George","South Africa","GRJ","FAGG",-34.0056,22.3789,648,2,"U","Africa/Johannesburg","airport","OurAirports"
262,"Kimberley Airport","Kimberley","South Africa","KIM","FAKM",-28.8028,24.7652,3950,2,"U","Africa/Johannesburg","airport","OurAirports"
263,"Upington International Airport","Upington","South Africa","UTN","FAUP",-28.3991,21.2602,2782,2,"U","Africa/Johannesburg","airport","OurAirports"
264,"Bloemfontein Airport","Bloemfontein","South Africa","BFN","FABL",-29.0927,26.3024,4458,2,"U","Africa/Johannesburg","airport","OurAirports"
265,"Polokwane International Airport","Polokwane","South Africa","PTG","FAPP",-23.8453,29.4586,4076,2,"U","Africa/Johannesburg","airport","OurAirports"
266,"Jomo Kenyatta International Airport","Nairobi","Kenya","NBO","HKJK",-1.3192,36.9278,5327,3,"U","Africa/Nairobi","airport","OurAirports"
267,"Moi International Airport","Mombasa","Kenya","MBA","HKMO",-4.0348,39.5942,200,3,"U","Africa/Nairobi","airport","OurAirports"
268,"Kisumu International Airport","Kisumu","Kenya","KIS","HKKI",-0.0861,34.7289,3734,3,"U","Africa/Nairobi","airport","OurAirports"
269,"Eldoret International Airport","Eldoret","Kenya","EDL","HKEL",0.4044,35.2389,6941,3,"U","Africa/Nairobi","airport","OurAirports"
270,"Kotoka International Airport","Accra","Ghana","ACC","DGAA",5.6052,-0.1668,205,0,"U","Africa/Accra","airport","OurAirports"
271,"Kumasi Airport","Kumasi","Ghana","KMS","DGSI",6.7146,-1.5908,942,0,"U","Africa/Accra","airport","OurAirports"
272,"Tamale Airport","Tamale","Ghana","TML","DGLE",9.5572,-0.8632,553,0,"U","Africa/Accra","airport","OurAirports"
273,"Murtala Muhammed International Airport","Lagos","Nigeria","LOS","DNMM",6.5774,3.3212,135,1,"U","Africa/Lagos","airport","OurAirports"
274,"Nnamdi Azikiwe International Airport","Abuja","Nigeria","ABV","DNAA",9.0068,7.2632,1123,1,"U","Africa/Lagos","airport","OurAirports"
275,"Port Harcourt International Airport","Port Harcourt","Nigeria","PHC","DNPO",5.0154,6.9496,87,1,"U","Africa/Lagos","airport","OurAirports"
276,"Kano International Airport","Kano","Nigeria","KAN","DNKN",12.0476,8.5246,1562,1,"U","Africa/Lagos","airport","OurAirports"
277,"Dubai International Airport","Dubai","UAE","DXB","OMDB",25.2528,55.3644,62,4,"U","Asia/Dubai","airport","OurAirports"
278,"Abu Dhabi International Airport","Abu Dhabi","UAE","AUH","OMAA",24.4331,54.6511,88,4,"U","Asia/Dubai","airport","OurAirports"
279,"Sharjah International Airport","Sharjah","UAE","SHJ","OMSJ",25.3286,55.5173,116,4,"U","Asia/Dubai","airport","OurAirports"
280,"Ras Al Khaimah International Airport","Ras Al Khaimah","UAE","RKT","OMRK",25.6135,55.9388,102,4,"U","Asia/Dubai","airport","OurAirports"
281,"King Abdulaziz International Airport","Jeddah","Saudi Arabia","JED","OEJN",21.6796,39.1565,48,3,"U","Asia/Riyadh","airport","OurAirports"
282,"King Khalid International Airport","Riyadh","Saudi Arabia","RUH","OERK",24.9576,46.6988,2049,3,"U","Asia/Riyadh","airport","OurAirports"
283,"King Fahd International Airport","Dammam","Saudi Arabia","DMM","OEDF",26.4712,49.7979,72,3,"U","Asia/Riyadh","airport","OurAirports"
284,"Prince Mohammad bin Abdulaziz Airport","Medina","Saudi Arabia","MED","OEMA",24.5534,39.7051,2151,3,"U","Asia/Riyadh","airport","OurAirports"
285,"Hamad International Airport","Doha","Qatar","DOH","OTHH",25.2734,51.6082,13,3,"U","Asia/Qatar","airport","OurAirports"
286,"Bahrain International Airport","Manama","Bahrain","BAH","OBBI",26.2708,50.6336,6,3,"U","Asia/Bahrain","airport","OurAirports"
287,"Muscat International Airport","Muscat","Oman","MCT","OOMS",23.5933,58.2844,48,4,"U","Asia/Muscat","airport","OurAirports"
288,"Salalah Airport","Salalah","Oman","SLL","OOSA",17.0387,54.0913,73,4,"U","Asia/Muscat","airport","OurAirports"
289,"Kuwait International Airport","Kuwait City","Kuwait","KWI","OKBK",29.2266,47.9689,206,3,"U","Asia/Kuwait","airport","OurAirports"
290,"Queen Alia International Airport","Amman","Jordan","AMM","OJAI",31.7225,35.9932,2395,3,"U","Asia/Amman","airport","OurAirports"
291,"Beirut-Rafic Hariri International Airport","Beirut","Lebanon","BEY","OLBA",33.8209,35.4884,87,2,"U","Asia/Beirut","airport","OurAirports"
292,"Ben Gurion International Airport","Tel Aviv","Israel","TLV","LLBG",32.0114,34.8867,135,2,"U","Asia/Jerusalem","airport","OurAirports"
293,"Eilat Airport","Eilat","Israel","ETH","LLET",29.5613,34.9601,42,2,"U","Asia/Jerusalem","airport","OurAirports"
294,"Haifa Airport","Haifa","Israel","HFA","LLHA",32.8094,35.0431,28,2,"U","Asia/Jerusalem","airport","OurAirports"
295,"Baghdad International Airport","Baghdad","Iraq","BGW","ORBI",33.2625,44.2346,114,3,"U","Asia/Baghdad","airport","OurAirports"
296,"Erbil International Airport","Erbil","Iraq","EBL","ORER",36.2376,43.9631,1341,3,"U","Asia/Baghdad","airport","OurAirports"
297,"Basrah International Airport","Basrah","Iraq","BSR","ORMM",30.5491,47.6621,11,3,"U","Asia/Baghdad","airport","OurAirports"
298,"Tehran Imam Khomeini International Airport","Tehran","Iran","IKA","OIIE",35.4161,51.1522,3305,3.5,"U","Asia/Tehran","airport","OurAirports"
299,"Mehrabad International Airport","Tehran","Iran","THR","OIII",35.6892,51.3134,3962,3.5,"U","Asia/Tehran","airport","OurAirports"
300,"Mashhad International Airport","Mashhad","Iran","MHD","OIMM",36.2352,59.6410,3263,3.5,"U","Asia/Tehran","airport","OurAirports"
301,"São Paulo/Guarulhos International Airport","São Paulo","Brazil","GRU","SBGR",-23.4356,-46.4731,2459,-3,"U","America/Sao_Paulo","airport","OurAirports"
302,"Rio de Janeiro/Galeão International Airport","Rio de Janeiro","Brazil","GIG","SBGL",-22.8089,-43.2506,28,-3,"U","America/Sao_Paulo","airport","OurAirports"
303,"Brasília International Airport","Brasília","Brazil","BSB","SBBR",-15.8711,-47.9188,3477,-3,"U","America/Sao_Paulo","airport","OurAirports"
304,"Salvador International Airport","Salvador","Brazil","SSA","SBSV",-12.9086,-38.3225,64,-3,"U","America/Bahia","airport","OurAirports"
305,"Recife/Guararapes International Airport","Recife","Brazil","REC","SBRF",-8.1264,-34.9236,33,-3,"U","America/Recife","airport","OurAirports"
306,"Fortaleza International Airport","Fortaleza","Brazil","FOR","SBFZ",-3.7761,-38.5322,82,-3,"U","America/Fortaleza","airport","OurAirports"
307,"Manaus International Airport","Manaus","Brazil","MAO","SBEG",-3.0386,-60.0497,264,-4,"U","America/Manaus","airport","OurAirports"
308,"Belo Horizonte International Airport","Belo Horizonte","Brazil","CNF","SBCF",-19.6336,-43.9686,2715,-3,"U","America/Sao_Paulo","airport","OurAirports"
309,"Porto Alegre International Airport","Porto Alegre","Brazil","POA","SBPA",-29.9939,-51.1714,11,-3,"U","America/Sao_Paulo","airport","OurAirports"
310,"Curitiba International Airport","Curitiba","Brazil","CWB","SBCT",-25.5285,-49.1717,2988,-3,"U","America/Sao_Paulo","airport","OurAirports"
311,"Buenos Aires Ministro Pistarini International Airport","Buenos Aires","Argentina","EZE","SAEZ",-34.8222,-58.5358,67,-3,"U","America/Argentina/Buenos_Aires","airport","OurAirports"
312,"Buenos Aires Jorge Newbery Airport","Buenos Aires","Argentina","AEP","SABE",-34.5592,-58.4156,18,-3,"U","America/Argentina/Buenos_Aires","airport","OurAirports"
313,"Córdoba International Airport","Córdoba","Argentina","COR","SACO",-31.3236,-64.2080,1604,-3,"U","America/Argentina/Cordoba","airport","OurAirports"
314,"Mendoza International Airport","Mendoza","Argentina","MDZ","SAME",-32.8317,-68.7928,2310,-3,"U","America/Argentina/Mendoza","airport","OurAirports"
315,"Bariloche International Airport","Bariloche","Argentina","BRC","SAZS",-41.1512,-71.1575,2776,-3,"U","America/Argentina/Salta","airport","OurAirports"
316,"Ushuaia International Airport","Ushuaia","Argentina","USH","SAWH",-54.8433,-68.2958,102,-3,"U","America/Argentina/Ushuaia","airport","OurAirports"
317,"Santiago International Airport","Santiago","Chile","SCL","SCEL",-33.3930,-70.7856,1555,-4,"U","America/Santiago","airport","OurAirports"
318,"Arturo Merino Benítez International Airport","Santiago","Chile","SCL","SCEL",-33.3930,-70.7856,1555,-4,"U","America/Santiago","airport","OurAirports"
319,"La Araucanía International Airport","Temuco","Chile","ZCO","SCQP",-38.9256,-72.6514,304,-4,"U","America/Santiago","airport","OurAirports"
320,"El Tepual International Airport","Puerto Montt","Chile","PMC","SCTE",-41.4389,-73.0942,294,-4,"U","America/Santiago","airport","OurAirports"
321,"Carlos Ibáñez del Campo International Airport","Punta Arenas","Chile","PUQ","SCCI",-53.0026,-70.8544,139,-3,"U","America/Punta_Arenas","airport","OurAirports"
322,"Jorge Chávez International Airport","Lima","Peru","LIM","SPIM",-12.0219,-77.1143,113,-5,"U","America/Lima","airport","OurAirports"
323,"Alejandro Velasco Astete International Airport","Cusco","Peru","CUZ","SPZO",-13.5357,-71.9388,10860,-5,"U","America/Lima","airport","OurAirports"
324,"Rodríguez Ballón International Airport","Arequipa","Peru","AQP","SPQU",-16.3411,-71.5831,8405,-5,"U","America/Lima","airport","OurAirports"
325,"El Dorado International Airport","Bogotá","Colombia","BOG","SKBO",4.7016,-74.1469,8361,-5,"U","America/Bogota","airport","OurAirports"
326,"José María Córdova International Airport","Medellín","Colombia","MDE","SKRG",6.1644,-75.4231,6955,-5,"U","America/Bogota","airport","OurAirports"
327,"Alfonso Bonilla Aragón International Airport","Cali","Colombia","CLO","SKCL",3.5432,-76.3816,3162,-5,"U","America/Bogota","airport","OurAirports"
328,"Rafael Núñez International Airport","Cartagena","Colombia","CTG","SKCG",10.4424,-75.5130,4,-5,"U","America/Bogota","airport","OurAirports"
329,"Simón Bolívar International Airport","Caracas","Venezuela","CCS","SVMI",10.6031,-67.0006,235,-4,"U","America/Caracas","airport","OurAirports"
330,"Arturo Michelena International Airport","Valencia","Venezuela","VLN","SVVA",10.1497,-67.9284,1417,-4,"U","America/Caracas","airport","OurAirports"
331,"Mariscal Sucre International Airport","Quito","Ecuador","UIO","SEQM",-0.1292,-78.3575,9228,-5,"U","America/Guayaquil","airport","OurAirports"
332,"José Joaquín de Olmedo International Airport","Guayaquil","Ecuador","GYE","SEGS",-2.1574,-79.8836,19,-5,"U","America/Guayaquil","airport","OurAirports"
333,"Viru Viru International Airport","Santa Cruz","Bolivia","VVI","SLVR",-17.6448,-63.1354,1224,-4,"U","America/La_Paz","airport","OurAirports"
334,"El Alto International Airport","La Paz","Bolivia","LPB","SLLP",-16.5133,-68.1923,13325,-4,"U","America/La_Paz","airport","OurAirports"
335,"Silvio Pettirossi International Airport","Asunción","Paraguay","ASU","SGAS",-25.2399,-57.5191,292,-4,"U","America/Asuncion","airport","OurAirports"
336,"Carrasco International Airport","Montevideo","Uruguay","MVD","SUMU",-34.8384,-56.0308,105,-3,"U","America/Montevideo","airport","OurAirports"
337,"Tocumen International Airport","Panama City","Panama","PTY","MPTO",9.0714,-79.3835,135,-5,"U","America/Panama","airport","OurAirports"
338,"Juan Santamaría International Airport","San José","Costa Rica","SJO","MROC",9.9939,-84.2088,3021,-6,"U","America/Costa_Rica","airport","OurAirports"
339,"Daniel Oduber Quirós International Airport","Liberia","Costa Rica","LIR","MRLB",10.5933,-85.5444,269,-6,"U","America/Costa_Rica","airport","OurAirports"
340,"Augusto C. Sandino International Airport","Managua","Nicaragua","MGA","MNMG",12.1415,-86.1682,194,-6,"U","America/Managua","airport","OurAirports"
341,"Toncontín International Airport","Tegucigalpa","Honduras","TGU","MHTG",14.0609,-87.2172,3294,-6,"U","America/Tegucigalpa","airport","OurAirports"
342,"Ramón Villeda Morales International Airport","San Pedro Sula","Honduras","SAP","MHLM",15.4526,-87.9236,91,-6,"U","America/Tegucigalpa","airport","OurAirports"
343,"El Salvador International Airport","San Salvador","El Salvador","SAL","MSLP",13.4409,-89.0557,101,-6,"U","America/El_Salvador","airport","OurAirports"
344,"La Aurora International Airport","Guatemala City","Guatemala","GUA","MGGT",14.5833,-90.5275,4952,-6,"U","America/Guatemala","airport","OurAirports"
345,"Philip S. W. Goldson International Airport","Belize City","Belize","BZE","MZBZ",17.5392,-88.3082,15,-6,"U","America/Belize","airport","OurAirports"
346,"Cancún International Airport","Cancún","Mexico","CUN","MMUN",21.0365,-86.8771,20,-5,"U","America/Cancun","airport","OurAirports"
347,"Benito Juárez International Airport","Mexico City","Mexico","MEX","MMMX",19.4363,-99.0721,7316,-6,"U","America/Mexico_City","airport","OurAirports"
348,"Guadalajara International Airport","Guadalajara","Mexico","GDL","MMGL",20.5218,-103.3112,5016,-6,"U","America/Mexico_City","airport","OurAirports"
349,"General Mariano Escobedo International Airport","Monterrey","Mexico","MTY","MMMY",25.7785,-100.1069,1278,-6,"U","America/Monterrey","airport","OurAirports"
350,"General Abelardo L. Rodríguez International Airport","Tijuana","Mexico","TIJ","MMTJ",32.5411,-116.9702,489,-8,"U","America/Tijuana","airport","OurAirports"
351,"John F. Kennedy International Airport","New York","United States","JFK","KJFK",40.6413,-73.7781,13,-4,"U","America/New_York","airport","OurAirports"
352,"Los Angeles International Airport","Los Angeles","United States","LAX","KLAX",33.9416,-118.4085,125,-7,"U","America/Los_Angeles","airport","OurAirports"
353,"O'Hare International Airport","Chicago","United States","ORD","KORD",41.9742,-87.9073,672,-5,"U","America/Chicago","airport","OurAirports"
354,"Dallas/Fort Worth International Airport","Dallas","United States","DFW","KDFW",32.8998,-97.0403,607,-5,"U","America/Chicago","airport","OurAirports"
355,"Denver International Airport","Denver","United States","DEN","KDEN",39.8561,-104.6737,5431,-6,"U","America/Denver","airport","OurAirports"
356,"San Francisco International Airport","San Francisco","United States","SFO","KSFO",37.6213,-122.3790,13,-7,"U","America/Los_Angeles","airport","OurAirports"
357,"Seattle-Tacoma International Airport","Seattle","United States","SEA","KSEA",47.4502,-122.3088,433,-7,"U","America/Los_Angeles","airport","OurAirports"
358,"McCarran International Airport","Las Vegas","United States","LAS","KLAS",36.0840,-115.1537,2181,-7,"U","America/Los_Angeles","airport","OurAirports"
359,"Orlando International Airport","Orlando","United States","MCO","KMCO",28.4312,-81.3081,96,-4,"U","America/New_York","airport","OurAirports"
360,"Miami International Airport","Miami","United States","MIA","KMIA",25.7959,-80.2870,8,-4,"U","America/New_York","airport","OurAirports"
361,"Hartsfield-Jackson Atlanta International Airport","Atlanta","United States","ATL","KATL",33.6407,-84.4277,1026,-4,"U","America/New_York","airport","OurAirports"
362,"Boston Logan International Airport","Boston","United States","BOS","KBOS",42.3656,-71.0096,20,-4,"U","America/New_York","airport","OurAirports"
363,"Washington Dulles International Airport","Washington","United States","IAD","KIAD",38.9531,-77.4565,313,-4,"U","America/New_York","airport","OurAirports"
364,"Philadelphia International Airport","Philadelphia","United States","PHL","KPHL",39.8729,-75.2437,36,-4,"U","America/New_York","airport","OurAirports"
365,"Detroit Metropolitan Airport","Detroit","United States","DTW","KDTW",42.2162,-83.3554,645,-4,"U","America/Detroit","airport","OurAirports"
366,"Minneapolis-Saint Paul International Airport","Minneapolis","United States","MSP","KMSP",44.8848,-93.2223,841,-5,"U","America/Chicago","airport","OurAirports"
367,"Charlotte Douglas International Airport","Charlotte","United States","CLT","KCLT",35.2144,-80.9473,748,-4,"U","America/New_York","airport","OurAirports"
368,"Phoenix Sky Harbor International Airport","Phoenix","United States","PHX","KPHX",33.4352,-112.0101,1135,-7,"U","America/Phoenix","airport","OurAirports"
369,"Houston George Bush Intercontinental Airport","Houston","United States","IAH","KIAH",29.9902,-95.3368,97,-5,"U","America/Chicago","airport","OurAirports"
370,"Newark Liberty International Airport","Newark","United States","EWR","KEWR",40.6895,-74.1745,18,-4,"U","America/New_York","airport","OurAirports"
371,"Toronto Pearson International Airport","Toronto","Canada","YYZ","CYYZ",43.6777,-79.6248,569,-4,"U","America/Toronto","airport","OurAirports"
372,"Vancouver International Airport","Vancouver","Canada","YVR","CYVR",49.1967,-123.1815,14,-7,"U","America/Vancouver","airport","OurAirports"
373,"Montréal-Trudeau International Airport","Montreal","Canada","YUL","CYUL",45.4706,-73.7408,118,-4,"U","America/Toronto","airport","OurAirports"
374,"Calgary International Airport","Calgary","Canada","YYC","CYYC",51.1314,-114.0103,3557,-6,"U","America/Edmonton","airport","OurAirports"
375,"Edmonton International Airport","Edmonton","Canada","YEG","CYEG",53.3097,-113.5797,2373,-6,"U","America/Edmonton","airport","OurAirports"
376,"Ottawa Macdonald-Cartier International Airport","Ottawa","Canada","YOW","CYOW",45.3208,-75.6728,374,-4,"U","America/Toronto","airport","OurAirports"
377,"Halifax Stanfield International Airport","Halifax","Canada","YHZ","CYHZ",44.8808,-63.5086,477,-3,"U","America/Halifax","airport","OurAirports"
378,"Winnipeg James Armstrong Richardson International Airport","Winnipeg","Canada","YWG","CYWG",49.9100,-97.2399,783,-5,"U","America/Winnipeg","airport","OurAirports"
379,"Québec City Jean Lesage International Airport","Quebec City","Canada","YQB","CYQB",46.7911,-71.3933,244,-4,"U","America/Toronto","airport","OurAirports"
380,"Victoria International Airport","Victoria","Canada","YYJ","CYYJ",48.6469,-123.4258,63,-7,"U","America/Vancouver","airport","OurAirports"
381,"St. John's International Airport","St. John's","Canada","YYT","CYYT",47.6186,-52.7519,461,-2.5,"U","America/St_Johns","airport","OurAirports"
382,"Regina International Airport","Regina","Canada","YQR","CYQR",50.4322,-104.6658,1894,-6,"U","America/Regina","airport","OurAirports"
383,"Saskatoon John G. Diefenbaker International Airport","Saskatoon","Canada","YXE","CYXE",52.1708,-106.6997,1653,-6,"U","America/Regina","airport","OurAirports"
384,"Thunder Bay International Airport","Thunder Bay","Canada","YQT","CYQT",48.3719,-89.3238,653,-4,"U","America/Toronto","airport","OurAirports"
385,"Sudbury Airport","Sudbury","Canada","YSB","CYSB",46.6250,-80.7989,1141,-4,"U","America/Toronto","airport","OurAirports"
386,"London International Airport","London","Canada","YXU","CYXU",43.0331,-81.1511,912,-4,"U","America/Toronto","airport","OurAirports"
387,"Hamilton International Airport","Hamilton","Canada","YHM","CYHM",43.1736,-79.9350,780,-4,"U","America/Toronto","airport","OurAirports"
388,"Kelowna International Airport","Kelowna","Canada","YLW","CYLW",49.9561,-119.3778,1421,-7,"U","America/Vancouver","airport","OurAirports"
389,"Abbotsford International Airport","Abbotsford","Canada","YXX","CYXX",49.0253,-122.3605,195,-7,"U","America/Vancouver","airport","OurAirports"
390,"Nanaimo Airport","Nanaimo","Canada","YCD","CYCD",49.0523,-123.8702,92,-7,"U","America/Vancouver","airport","OurAirports"
391,"Comox Valley Airport","Comox","Canada","YQQ","CYQQ",49.7108,-124.8867,84,-7,"U","America/Vancouver","airport","OurAirports"
392,"Prince George Airport","Prince George","Canada","YXS","CYXS",53.8894,-122.6789,2267,-7,"U","America/Vancouver","airport","OurAirports"
393,"Kamloops Airport","Kamloops","Canada","YKA","CYKA",50.7022,-120.4442,1133,-7,"U","America/Vancouver","airport","OurAirports"
394,"Penticton Regional Airport","Penticton","Canada","YYF","CYYF",49.4631,-119.6022,1129,-7,"U","America/Vancouver","airport","OurAirports"
395,"Cranbrook/Canadian Rockies International Airport","Cranbrook","Canada","YXC","CYXC",49.6122,-115.7819,3084,-6,"U","America/Edmonton","airport","OurAirports"
396,"Grande Prairie Airport","Grande Prairie","Canada","YQU","CYQU",55.1797,-118.8850,2195,-6,"U","America/Edmonton","airport","OurAirports"
397,"Fort McMurray International Airport","Fort McMurray","Canada","YMM","CYMM",56.6533,-111.2220,1211,-6,"U","America/Edmonton","airport","OurAirports"
398,"Lethbridge Airport","Lethbridge","Canada","YQL","CYQL",49.6303,-112.7997,3048,-6,"U","America/Edmonton","airport","OurAirports"
399,"Medicine Hat Regional Airport","Medicine Hat","Canada","YXH","CYXH",50.0189,-110.7208,2352,-6,"U","America/Edmonton","airport","OurAirports"
400,"Yellowknife Airport","Yellowknife","Canada","YZF","CYZF",62.4628,-114.4406,675,-6,"U","America/Yellowknife","airport","OurAirports" 
401,"Dehradun Airport","Dehradun","India","DED","VIDN",30.189699,78.180298,1831,10,"N","Asia/Kolkata","airport","OurAirports"
402,"Ninoy Aquino International Airport","Manila","Philippines","MNL","RPLL",14.5086,121.019997,75,6,"N","Asia/Manila","airport","OurAirports"
